Bee_ID,Maternal_colony,Weight,Submersion,Duration,Tx,Time,Survival
A01,B,805,ctl,N/A,ctl,1,1
A01,B,805,ctl,N/A,ctl,4,1
A01,B,805,ctl,N/A,ctl,8,1
B70,B,886,floating,24,floating_24,1,1
B70,B,886,floating,24,floating_24,4,1
B70,B,886,floating,24,floating_24,8,1
B71,B,643,floating,7,floating_7,1,1
B71,B,643,floating,7,floating_7,4,1
B71,B,643,floating,7,floating_7,8,1
B72,B,899,floating,7,floating_7,1,1
B72,B,899,floating,7,floating_7,4,1
B72,B,899,floating,7,floating_7,8,1
B73,B,839,floating,24,floating_24,1,1
B73,B,839,floating,24,floating_24,4,1
B73,B,839,floating,24,floating_24,8,1
B74,B,660,underwater,24,underwater_24,1,1
B74,B,660,underwater,24,underwater_24,4,1
B74,B,660,underwater,24,underwater_24,8,1
B75,B,852,underwater,24,underwater_24,1,1
B75,B,852,underwater,24,underwater_24,4,1
B75,B,852,underwater,24,underwater_24,8,1
B76,B,835,ctl,N/A,ctl,1,1
B76,B,835,ctl,N/A,ctl,4,1
B76,B,835,ctl,N/A,ctl,8,1
B77,B,879,underwater,24,underwater_24,1,1
B77,B,879,underwater,24,underwater_24,4,1
B77,B,879,underwater,24,underwater_24,8,1
B78,B,857,underwater,8,underwater_8,1,1
B78,B,857,underwater,8,underwater_8,4,1
B78,B,857,underwater,8,underwater_8,8,1
B79,B,827,floating,8,floating_8,1,1
B79,B,827,floating,8,floating_8,4,1
B79,B,827,floating,8,floating_8,8,1
B80,B,887,floating,8,floating_8,1,1
B80,B,887,floating,8,floating_8,4,1
B80,B,887,floating,8,floating_8,8,1
B81,B,945,underwater,7,underwater_7,1,1
B81,B,945,underwater,7,underwater_7,4,1
B81,B,945,underwater,7,underwater_7,8,0
B82,B,826,ctl,N/A,ctl,1,1
B82,B,826,ctl,N/A,ctl,4,1
B82,B,826,ctl,N/A,ctl,8,1
B83,B,913,ctl,N/A,ctl,1,1
B83,B,913,ctl,N/A,ctl,4,1
B83,B,913,ctl,N/A,ctl,8,1
B84,B,959,ctl,N/A,ctl,1,1
B84,B,959,ctl,N/A,ctl,4,1
B84,B,959,ctl,N/A,ctl,8,1
B85,B,834,underwater,8,underwater_8,1,1
B85,B,834,underwater,8,underwater_8,4,1
B85,B,834,underwater,8,underwater_8,8,1
B86,B,783,underwater,7,underwater_7,1,1
B86,B,783,underwater,7,underwater_7,4,1
B86,B,783,underwater,7,underwater_7,8,1
C14,C,773,ctl,N/A,ctl,1,1
C14,C,773,ctl,N/A,ctl,4,1
C14,C,773,ctl,N/A,ctl,8,1
C15,C,696,ctl,N/A,ctl,1,1
C15,C,696,ctl,N/A,ctl,4,1
C15,C,696,ctl,N/A,ctl,8,1
C22,C,719,underwater,24,underwater_24,1,1
C22,C,719,underwater,24,underwater_24,4,1
C22,C,719,underwater,24,underwater_24,8,1
C23,C,793,ctl,N/A,ctl,1,1
C23,C,793,ctl,N/A,ctl,4,1
C23,C,793,ctl,N/A,ctl,8,1
C25,C,579,ctl,N/A,ctl,1,1
C25,C,579,ctl,N/A,ctl,4,0
C25,C,579,ctl,N/A,ctl,8,0
C28,C,814,underwater,24,underwater_24,1,1
C28,C,814,underwater,24,underwater_24,4,1
C28,C,814,underwater,24,underwater_24,8,1
C30,C,706,ctl,N/A,ctl,1,1
C30,C,706,ctl,N/A,ctl,4,1
C30,C,706,ctl,N/A,ctl,8,1
C33,C,727,underwater,8,underwater_8,1,1
C33,C,727,underwater,8,underwater_8,4,1
C33,C,727,underwater,8,underwater_8,8,1
C34,C,763,underwater,8,underwater_8,1,1
C34,C,763,underwater,8,underwater_8,4,1
C34,C,763,underwater,8,underwater_8,8,1
C35,C,757,floating,7,floating_7,1,1
C35,C,757,floating,7,floating_7,4,1
C35,C,757,floating,7,floating_7,8,1
C36,C,606,floating,7,floating_7,1,1
C36,C,606,floating,7,floating_7,4,1
C36,C,606,floating,7,floating_7,8,1
C37,C,699,floating,7,floating_7,1,1
C37,C,699,floating,7,floating_7,4,1
C37,C,699,floating,7,floating_7,8,1
C38,C,781,floating,24,floating_24,1,1
C38,C,781,floating,24,floating_24,4,1
C38,C,781,floating,24,floating_24,8,1
C39,C,720,floating,24,floating_24,1,1
C39,C,720,floating,24,floating_24,4,1
C39,C,720,floating,24,floating_24,8,1
C40,C,688,floating,24,floating_24,1,1
C40,C,688,floating,24,floating_24,4,1
C40,C,688,floating,24,floating_24,8,1
C41,C,732,floating,7,floating_7,1,1
C41,C,732,floating,7,floating_7,4,1
C41,C,732,floating,7,floating_7,8,1
C42,C,640,underwater,8,underwater_8,1,1
C42,C,640,underwater,8,underwater_8,4,1
C42,C,640,underwater,8,underwater_8,8,1
C43,C,699,floating,8,floating_8,1,1
C43,C,699,floating,8,floating_8,4,1
C43,C,699,floating,8,floating_8,8,1
C44,C,609,floating,7,floating_7,1,0
C44,C,609,floating,7,floating_7,4,0
C44,C,609,floating,7,floating_7,8,0
C45,C,780,floating,7,floating_7,1,1
C45,C,780,floating,7,floating_7,4,1
C45,C,780,floating,7,floating_7,8,1
C46,C,863,underwater,8,underwater_8,1,1
C46,C,863,underwater,8,underwater_8,4,1
C46,C,863,underwater,8,underwater_8,8,1
C47,C,827,underwater,8,underwater_8,1,1
C47,C,827,underwater,8,underwater_8,4,1
C47,C,827,underwater,8,underwater_8,8,1
C48,C,801,underwater,8,underwater_8,1,1
C48,C,801,underwater,8,underwater_8,4,1
C48,C,801,underwater,8,underwater_8,8,1
C49,C,705,floating,24,floating_24,1,1
C49,C,705,floating,24,floating_24,4,1
C49,C,705,floating,24,floating_24,8,1
C50,C,731,floating,7,floating_7,1,0
C50,C,731,floating,7,floating_7,4,0
C50,C,731,floating,7,floating_7,8,0
C51,C,770,floating,8,floating_8,1,1
C51,C,770,floating,8,floating_8,4,1
C51,C,770,floating,8,floating_8,8,1
C52,C,702,floating,8,floating_8,1,1
C52,C,702,floating,8,floating_8,4,0
C52,C,702,floating,8,floating_8,8,0
C53,C,573,floating,8,floating_8,1,0
C53,C,573,floating,8,floating_8,4,0
C53,C,573,floating,8,floating_8,8,0
C54,C,781,floating,8,floating_8,1,1
C54,C,781,floating,8,floating_8,4,1
C54,C,781,floating,8,floating_8,8,1
C55,C,835,underwater,8,underwater_8,1,1
C55,C,835,underwater,8,underwater_8,4,1
C55,C,835,underwater,8,underwater_8,8,1
C56,C,722,floating,8,floating_8,1,1
C56,C,722,floating,8,floating_8,4,1
C56,C,722,floating,8,floating_8,8,1
C57,C,665,floating,8,floating_8,1,1
C57,C,665,floating,8,floating_8,4,1
C57,C,665,floating,8,floating_8,8,0
C58,C,735,underwater,7,underwater_7,1,0
C58,C,735,underwater,7,underwater_7,4,0
C58,C,735,underwater,7,underwater_7,8,0
C59,C,820,underwater,7,underwater_7,1,1
C59,C,820,underwater,7,underwater_7,4,1
C59,C,820,underwater,7,underwater_7,8,1
C60,C,775,underwater,7,underwater_7,1,1
C60,C,775,underwater,7,underwater_7,4,1
C60,C,775,underwater,7,underwater_7,8,1
C61,C,717,underwater,7,underwater_7,1,1
C61,C,717,underwater,7,underwater_7,4,1
C61,C,717,underwater,7,underwater_7,8,1
C62,C,753,floating,24,floating_24,1,1
C62,C,753,floating,24,floating_24,4,1
C62,C,753,floating,24,floating_24,8,1
C63,C,792,underwater,7,underwater_7,1,1
C63,C,792,underwater,7,underwater_7,4,1
C63,C,792,underwater,7,underwater_7,8,1
C64,C,813,underwater,7,underwater_7,1,1
C64,C,813,underwater,7,underwater_7,4,1
C64,C,813,underwater,7,underwater_7,8,1
C65,C,763,underwater,7,underwater_7,1,1
C65,C,763,underwater,7,underwater_7,4,1
C65,C,763,underwater,7,underwater_7,8,1
C66,C,303,underwater,24,underwater_24,1,1
C66,C,303,underwater,24,underwater_24,4,1
C66,C,303,underwater,24,underwater_24,8,1
D100,D,847,floating,7,floating_7,1,1
D100,D,847,floating,7,floating_7,4,1
D100,D,847,floating,7,floating_7,8,1
D101,D,807,floating,7,floating_7,1,1
D101,D,807,floating,7,floating_7,4,1
D101,D,807,floating,7,floating_7,8,1
D102,D,643,floating,24,floating_24,1,1
D102,D,643,floating,24,floating_24,4,1
D102,D,643,floating,24,floating_24,8,1
D103,D,898,floating,7,floating_7,1,1
D103,D,898,floating,7,floating_7,4,1
D103,D,898,floating,7,floating_7,8,1
D104,D,958,floating,24,floating_24,1,1
D104,D,958,floating,24,floating_24,4,1
D104,D,958,floating,24,floating_24,8,1
D105,D,877,floating,8,floating_8,1,1
D105,D,877,floating,8,floating_8,4,1
D105,D,877,floating,8,floating_8,8,1
D106,D,817,floating,8,floating_8,1,1
D106,D,817,floating,8,floating_8,4,1
D106,D,817,floating,8,floating_8,8,1
D107,D,687,floating,8,floating_8,1,1
D107,D,687,floating,8,floating_8,4,1
D107,D,687,floating,8,floating_8,8,1
D108,D,567,underwater,24,underwater_24,1,0
D108,D,567,underwater,24,underwater_24,4,0
D108,D,567,underwater,24,underwater_24,8,0
D111,D,893,underwater,24,underwater_24,1,1
D111,D,893,underwater,24,underwater_24,4,1
D111,D,893,underwater,24,underwater_24,8,1
D113,D,716,floating,24,floating_24,1,1
D113,D,716,floating,24,floating_24,4,1
D113,D,716,floating,24,floating_24,8,1
D117,D,766,ctl,N/A,ctl,1,0
D117,D,766,ctl,N/A,ctl,4,0
D117,D,766,ctl,N/A,ctl,8,0
D118,D,914,underwater,24,underwater_24,1,1
D118,D,914,underwater,24,underwater_24,4,1
D118,D,914,underwater,24,underwater_24,8,1
D49,D,808,ctl,N/A,ctl,1,1
D49,D,808,ctl,N/A,ctl,4,1
D49,D,808,ctl,N/A,ctl,8,1
D50,D,776,underwater,8,underwater_8,1,1
D50,D,776,underwater,8,underwater_8,4,1
D50,D,776,underwater,8,underwater_8,8,1
D51,D,543,underwater,8,underwater_8,1,1
D51,D,543,underwater,8,underwater_8,4,1
D51,D,543,underwater,8,underwater_8,8,1
D52,D,961,underwater,8,underwater_8,1,1
D52,D,961,underwater,8,underwater_8,4,1
D52,D,961,underwater,8,underwater_8,8,1
D53,D,628,underwater,8,underwater_8,1,1
D53,D,628,underwater,8,underwater_8,4,1
D53,D,628,underwater,8,underwater_8,8,1
D54,D,795,underwater,8,underwater_8,1,1
D54,D,795,underwater,8,underwater_8,4,1
D54,D,795,underwater,8,underwater_8,8,1
D55,D,906,floating,7,floating_7,1,1
D55,D,906,floating,7,floating_7,4,1
D55,D,906,floating,7,floating_7,8,1
D56,D,922,underwater,8,underwater_8,1,1
D56,D,922,underwater,8,underwater_8,4,1
D56,D,922,underwater,8,underwater_8,8,1
D57,D,943,underwater,8,underwater_8,1,1
D57,D,943,underwater,8,underwater_8,4,1
D57,D,943,underwater,8,underwater_8,8,1
D58,D,851,floating,24,floating_24,1,1
D58,D,851,floating,24,floating_24,4,1
D58,D,851,floating,24,floating_24,8,0
D59,D,705,floating,7,floating_7,1,1
D59,D,705,floating,7,floating_7,4,1
D59,D,705,floating,7,floating_7,8,1
D60,D,589,floating,7,floating_7,1,1
D60,D,589,floating,7,floating_7,4,1
D60,D,589,floating,7,floating_7,8,1
D61,D,623,underwater,7,underwater_7,1,1
D61,D,623,underwater,7,underwater_7,4,1
D61,D,623,underwater,7,underwater_7,8,1
D62,D,879,floating,8,floating_8,1,1
D62,D,879,floating,8,floating_8,4,1
D62,D,879,floating,8,floating_8,8,1
D63,D,852,floating,8,floating_8,1,1
D63,D,852,floating,8,floating_8,4,1
D63,D,852,floating,8,floating_8,8,1
D64,D,649,floating,24,floating_24,1,1
D64,D,649,floating,24,floating_24,4,1
D64,D,649,floating,24,floating_24,8,1
D65,D,857,floating,24,floating_24,1,1
D65,D,857,floating,24,floating_24,4,1
D65,D,857,floating,24,floating_24,8,1
D67,D,909,floating,24,floating_24,1,1
D67,D,909,floating,24,floating_24,4,1
D67,D,909,floating,24,floating_24,8,1
D68,D,905,floating,8,floating_8,1,1
D68,D,905,floating,8,floating_8,4,1
D68,D,905,floating,8,floating_8,8,1
D69,D,772,underwater,7,underwater_7,1,1
D69,D,772,underwater,7,underwater_7,4,0
D69,D,772,underwater,7,underwater_7,8,0
D71,D,811,floating,24,floating_24,1,1
D71,D,811,floating,24,floating_24,4,1
D71,D,811,floating,24,floating_24,8,1
D72,D,502,underwater,7,underwater_7,1,1
D72,D,502,underwater,7,underwater_7,4,0
D72,D,502,underwater,7,underwater_7,8,0
D73,D,923,floating,24,floating_24,1,1
D73,D,923,floating,24,floating_24,4,1
D73,D,923,floating,24,floating_24,8,1
D74,D,797,underwater,7,underwater_7,1,1
D74,D,797,underwater,7,underwater_7,4,1
D74,D,797,underwater,7,underwater_7,8,1
D75,D,831,underwater,7,underwater_7,1,1
D75,D,831,underwater,7,underwater_7,4,1
D75,D,831,underwater,7,underwater_7,8,1
D76,D,899,underwater,8,underwater_8,1,1
D76,D,899,underwater,8,underwater_8,4,1
D76,D,899,underwater,8,underwater_8,8,1
D77,D,816,floating,8,floating_8,1,1
D77,D,816,floating,8,floating_8,4,1
D77,D,816,floating,8,floating_8,8,1
D78,D,959,underwater,7,underwater_7,1,1
D78,D,959,underwater,7,underwater_7,4,1
D78,D,959,underwater,7,underwater_7,8,1
D79,D,889,underwater,8,underwater_8,1,1
D79,D,889,underwater,8,underwater_8,4,1
D79,D,889,underwater,8,underwater_8,8,1
D80,D,553,underwater,8,underwater_8,1,1
D80,D,553,underwater,8,underwater_8,4,1
D80,D,553,underwater,8,underwater_8,8,1
D81,D,866,floating,8,floating_8,1,1
D81,D,866,floating,8,floating_8,4,1
D81,D,866,floating,8,floating_8,8,1
D82,D,882,floating,8,floating_8,1,1
D82,D,882,floating,8,floating_8,4,1
D82,D,882,floating,8,floating_8,8,1
D83,D,698,underwater,24,underwater_24,1,1
D83,D,698,underwater,24,underwater_24,4,1
D83,D,698,underwater,24,underwater_24,8,1
D84,D,856,underwater,24,underwater_24,1,1
D84,D,856,underwater,24,underwater_24,4,1
D84,D,856,underwater,24,underwater_24,8,1
D85,D,860,underwater,7,underwater_7,1,1
D85,D,860,underwater,7,underwater_7,4,1
D85,D,860,underwater,7,underwater_7,8,1
D86,D,872,underwater,7,underwater_7,1,1
D86,D,872,underwater,7,underwater_7,4,1
D86,D,872,underwater,7,underwater_7,8,1
D87,D,753,underwater,7,underwater_7,1,1
D87,D,753,underwater,7,underwater_7,4,1
D87,D,753,underwater,7,underwater_7,8,1
D88,D,652,floating,24,floating_24,1,1
D88,D,652,floating,24,floating_24,4,1
D88,D,652,floating,24,floating_24,8,1
D89,D,616,underwater,24,underwater_24,1,1
D89,D,616,underwater,24,underwater_24,4,1
D89,D,616,underwater,24,underwater_24,8,1
D90,D,905,floating,7,floating_7,1,1
D90,D,905,floating,7,floating_7,4,1
D90,D,905,floating,7,floating_7,8,1
D91,D,848,floating,7,floating_7,1,1
D91,D,848,floating,7,floating_7,4,1
D91,D,848,floating,7,floating_7,8,1
D92,D,906,underwater,7,underwater_7,1,1
D92,D,906,underwater,7,underwater_7,4,1
D92,D,906,underwater,7,underwater_7,8,1
D93,D,659,ctl,N/A,ctl,1,1
D93,D,659,ctl,N/A,ctl,4,1
D93,D,659,ctl,N/A,ctl,8,1
D94,D,801,floating,24,floating_24,1,1
D94,D,801,floating,24,floating_24,4,1
D94,D,801,floating,24,floating_24,8,1
D95,D,740,floating,7,floating_7,1,1
D95,D,740,floating,7,floating_7,4,1
D95,D,740,floating,7,floating_7,8,1
D96,D,872,underwater,24,underwater_24,1,1
D96,D,872,underwater,24,underwater_24,4,1
D96,D,872,underwater,24,underwater_24,8,1
D97,D,762,floating,7,floating_7,1,1
D97,D,762,floating,7,floating_7,4,1
D97,D,762,floating,7,floating_7,8,1
D98,D,773,underwater,24,underwater_24,1,1
D98,D,773,underwater,24,underwater_24,4,1
D98,D,773,underwater,24,underwater_24,8,1
D99,D,830,floating,8,floating_8,1,1
D99,D,830,floating,8,floating_8,4,1
D99,D,830,floating,8,floating_8,8,1
E01a,E,NA,underwater,7,underwater_7,1,1
E01a,E,NA,underwater,7,underwater_7,4,1
E01a,E,NA,underwater,7,underwater_7,8,1
E01b,E,NA,underwater,24,underwater_24,1,1
E01b,E,NA,underwater,24,underwater_24,4,1
E01b,E,NA,underwater,24,underwater_24,8,1
E02a,E,NA,underwater,24,underwater_24,1,1
E02a,E,NA,underwater,24,underwater_24,4,1
E02a,E,NA,underwater,24,underwater_24,8,1
E02b,E,NA,floating,24,floating_24,1,1
E02b,E,NA,floating,24,floating_24,4,1
E02b,E,NA,floating,24,floating_24,8,1
E03a,E,NA,floating,7,floating_7,1,1
E03a,E,NA,floating,7,floating_7,4,1
E03a,E,NA,floating,7,floating_7,8,0
E03b,E,NA,ctl,N/A,ctl,1,1
E03b,E,NA,ctl,N/A,ctl,4,1
E03b,E,NA,ctl,N/A,ctl,8,1
E04a,E,NA,ctl,N/A,ctl,1,1
E04a,E,NA,ctl,N/A,ctl,4,1
E04a,E,NA,ctl,N/A,ctl,8,1
E04b,E,NA,underwater,8,underwater_8,1,1
E04b,E,NA,underwater,8,underwater_8,4,1
E04b,E,NA,underwater,8,underwater_8,8,1
E05a,E,NA,ctl,N/A,ctl,1,1
E05a,E,NA,ctl,N/A,ctl,4,1
E05a,E,NA,ctl,N/A,ctl,8,1
E05b,E,NA,floating,8,floating_8,1,1
E05b,E,NA,floating,8,floating_8,4,1
E05b,E,NA,floating,8,floating_8,8,1
E06a,E,NA,underwater,24,underwater_24,1,1
E06a,E,NA,underwater,24,underwater_24,4,1
E06a,E,NA,underwater,24,underwater_24,8,1
E06b,E,NA,floating,24,floating_24,1,1
E06b,E,NA,floating,24,floating_24,4,1
E06b,E,NA,floating,24,floating_24,8,1
E07a,E,NA,underwater,24,underwater_24,1,1
E07a,E,NA,underwater,24,underwater_24,4,1
E07a,E,NA,underwater,24,underwater_24,8,1
E07b,E,NA,underwater,24,underwater_24,1,1
E07b,E,NA,underwater,24,underwater_24,4,1
E07b,E,NA,underwater,24,underwater_24,8,1
E08,E,568,underwater,7,underwater_7,1,1
E08,E,568,underwater,7,underwater_7,4,1
E08,E,568,underwater,7,underwater_7,8,1
E09,E,868,floating,7,floating_7,1,1
E09,E,868,floating,7,floating_7,4,1
E09,E,868,floating,7,floating_7,8,1
E10,E,548,floating,8,floating_8,1,1
E10,E,548,floating,8,floating_8,4,1
E10,E,548,floating,8,floating_8,8,1
E11,E,658,ctl,N/A,ctl,1,1
E11,E,658,ctl,N/A,ctl,4,1
E11,E,658,ctl,N/A,ctl,8,1
E12,E,465,floating,24,floating_24,1,1
E12,E,465,floating,24,floating_24,4,0
E12,E,465,floating,24,floating_24,8,0
E13,E,680,underwater,24,underwater_24,1,1
E13,E,680,underwater,24,underwater_24,4,1
E13,E,680,underwater,24,underwater_24,8,1
E14,E,714,underwater,8,underwater_8,1,1
E14,E,714,underwater,8,underwater_8,4,1
E14,E,714,underwater,8,underwater_8,8,1
E15,E,770,underwater,24,underwater_24,1,1
E15,E,770,underwater,24,underwater_24,4,1
E15,E,770,underwater,24,underwater_24,8,1
